user_id,user_name,age,gender,nationality,email,phone
1,John Smith,35.0,Male,American,sullivanjacob@example.net,+1-956-824-6803
2,Jane Doe,28.0,Female,Canadian,oanderson@example.org,9496697232
3,David Lee,45.0,Male,Korean,rhodesalicia@example.org,001-446-835-4474x03311
4,Sarah Johnson,29.0,Female,British,fford@example.com,001-863-567-3482x533
5,Kim Nguyen,26.0,Female,Vietnamese,robertjones@example.org,001-690-421-4417x1555
6,Michael Brown,42.0,Male,American,richardrobinson@example.net,4027248638
7,Emily Davis,33.0,Female,Australian,shelley72@example.com,+1-776-602-0889x8951
8,Lucas Santos,25.0,Male,Brazilian,steelejessica@example.net,3913506130
9,Laura Janssen,31.0,Female,Dutch,igreen@example.com,+1-467-696-2903x890
10,Mohammed Ali,39.0,Male,Emirati,whitedennis@example.net,+1-651-551-1338x0726
11,Ana Hernandez,27.0,Female,Mexican,plopez@example.com,(231)276-7081
12,Carlos Garcia,36.0,Male,Spanish,pbrennan@example.com,4802219087
13,Lily Wong,29.0,Female,Chinese,philip45@example.com,257.891.1628
14,Hans Mueller,48.0,Male,German,jenningssusan@example.org,4489105778
15,Fatima Khouri,26.0,Female,Moroccan,michaeljones@example.org,(658)952-1699
16,James MacKenzie,32.0,Male,Scottish,lwalsh@example.org,(564)985-5677x09574
17,Sarah Johnson,30.0,Female,American,lcarter@example.com,629-280-5433x07893
18,Michael Chang,28.0,Male,Chinese,rgibson@example.com,6229272260
19,Olivia Rodriguez,35.0,Female,British,courtneyhuang@example.com,(955)883-7763x925
20,Kenji Nakamura,45.0,Male,Japanese,gmartinez@example.com,616-856-1779x1758
21,Emily Lee,27.0,Female,American,jcontreras@example.com,+1-828-244-3104x945
22,James Wilson,32.0,Male,Australian,steelejennifer@example.org,(676)689-9796x08921
23,Sofia Russo,29.0,Female,Italian,reynoldskevin@example.org,5925522220
24,Raj Patel,40.0,Male,Indian,tara84@example.org,+1-799-784-1424x7569
25,Lily Nguyen,24.0,Female,Vietnamese,tgarcia@example.net,244-214-7740
26,David Kim,34.0,Male,Korean,joanna56@example.net,6213434168
27,Maria Garcia,31.0,Female,Spanish,cynthialopez@example.com,978-690-7023x541
28,Alice Smith,30.0,Female,American,melissaali@example.com,956.470.4736x0762
29,Bob Johnson,45.0,Male,Canadian,mavery@example.net,758.503.4556
30,Charlie Lee,25.0,Male,Korean,youngmary@example.com,(967)938-0069x4940
31,Emma Davis,28.0,Female,British,christina48@example.com,928.690.8146x009
32,Olivia Martin,33.0,Female,Australian,abowman@example.net,279-314-7249x03437
33,Harry Wilson,20.0,Male,American,ywilkins@example.org,575.865.9864
34,Sophia Lee,37.0,Female,Canadian,ramosjoseph@example.org,381.445.9532
35,James Brown,42.0,Male,British,spencer79@example.net,744.311.2259
36,Mia Johnson,31.0,Female,American,shannon39@example.com,9153779702
37,William Davis,27.0,Male,Korean,jonathon84@example.net,357-978-9766
38,Amelia Brown,38.0,Female,Australian,david66@example.org,(683)907-1333x7240
39,Mia Johnson,25.0,Female,American,gbell@example.com,832-367-1470x7980
40,Adam Lee,33.0,Male,Canadian,jon46@example.net,329-703-1124x7938
41,Sarah Wong,28.0,Female,Chinese,kristinkeller@example.net,+1-223-818-2179x2222
42,John Smith,45.0,Male,American,bergangela@example.com,864-691-7120x80968
43,Maria Silva,30.0,Female,Brazilian,moraadam@example.com,777-628-3869x74964
44,Peter Brown,55.0,Male,British,xweiss@example.com,(305)923-8592x065
45,Emma Garcia,27.0,Female,Spanish,pcummings@example.net,5345677645
46,Michael Davis,41.0,Male,American,christian81@example.com,932-843-3369x52206
47,Nina Patel,29.0,Female,Indian,matthewgraham@example.net,9622223788
48,Kevin Kim,24.0,Male,Korean,rodney32@example.com,(667)239-6620x7912
49,Laura van den Berg,31.0,Female,Dutch,hornebrandon@example.com,(567)855-4672
50,Jennifer Nguyen,31.0,Female,Canadian,carriemclaughlin@example.net,001-251-478-5335x4083
51,David Kim,25.0,Male,American,johnsonmisty@example.com,556.995.6637x65473
52,Rachel Lee,27.0,Female,South Korean,webbkaren@example.com,473.583.3518
53,Jessica Wong,28.0,Female,Canadian,tclark@example.net,+1-574-767-0449
54,Felipe Almeida,30.0,Male,Brazilian,joseph16@example.net,001-787-704-2196
55,Nisa Patel,23.0,Female,Indian,gallen@example.net,2393706292
56,Ben Smith,35.0,Male,British,frank39@example.net,8865259297
57,Laura Gomez,29.0,Female,Spanish,lauratucker@example.net,313-227-9891
58,Park Min Woo,27.0,Male,South Korean,carrolltimothy@example.com,916.351.1018x42361
59,Michael Chen,26.0,Male,Chinese,vgould@example.com,(314)538-8196x19853
60,Sofia Rossi,33.0,Female,Italian,pmoreno@example.com,237.360.1084
61,Rachel Sanders,35.0,Female,American,garmstrong@example.com,001-966-255-2187x488
62,Kenji Nakamura,28.0,Male,Japanese,ydouglas@example.net,218-366-0663
63,Emily Watson,29.0,Female,British,thomassusan@example.org,001-431-876-9189x4172
64,David Lee,43.0,Male,Australian,barnesbrandon@example.org,927-914-6597x00409
65,Ana Rodriguez,31.0,Female,Spanish,bishopjulie@example.com,(750)685-9335x4243
66,Tom Wilson,27.0,Male,American,mathewsjames@example.com,001-612-570-3582x799
67,Olivia Green,39.0,Female,French,jamesbenjamin@example.net,+1-284-763-0337x3083
68,James Chen,25.0,Male,American,ryanthomas@example.org,001-452-620-5670
69,Lila Patel,33.0,Female,Indian,ericrogers@example.net,773.319.4832
70,Marco Rossi,41.0,Male,Italian,marcus55@example.org,261.710.7451x7632
71,Sarah Brown,37.0,Female,British,lawrenceherrera@example.org,323.414.0813x5148
72,,,,,wspence@example.org,438-261-2020x399
73,Sarah Lee,35.0,Female,South Korean,ysuarez@example.org,001-424-331-6868
74,Alex Kim,29.0,Male,American,pmills@example.net,227-218-7556x4369
75,Maria Hernandez,42.0,Female,Mexican,carlsonchelsea@example.com,(520)588-9964
76,John Smith,46.0,Male,British,carlsonmichael@example.com,001-295-324-1510x968
77,Mark Johnson,31.0,Male,South African,kbond@example.net,9439578147
78,Amanda Chen,25.0,Female,Taiwanese,tkim@example.com,+1-659-293-4410x997
79,David Lee,38.0,Male,Australian,rbarnes@example.com,379-668-5263x3800
80,Nana Kwon,27.0,Female,Korean,peterharrison@example.net,566.931.8260x8818
81,Tom Hanks,60.0,Male,American,ibauer@example.org,956-896-5772
82,Emma Watson,32.0,Female,British,hmyers@example.org,+1-481-306-1944x904
83,James Kim,41.0,Male,American,chasewilliamson@example.com,001-722-790-4386
84,John Smith,35.0,Male,American,julie43@example.org,720.411.9939x8195
85,Sarah Lee,28.0,Female,Korean,yharris@example.net,001-846-272-9635x6026
86,Maria Garcia,42.0,Female,Spanish,hamiltonkathy@example.com,(625)504-5578x274
87,David Lee,45.0,Male,Australian,lucasregina@example.org,(681)860-5188x90856
88,Emily Davis,31.0,Female,American,zhangjohn@example.com,703.940.2481
89,James Wilson,29.0,Male,British,corey02@example.net,001-437-530-0275x908
90,Fatima Ahmed,24.0,Female,Emirati,holmesbenjamin@example.com,001-323-242-2286x138
91,Liam Nguyen,26.0,Male,Vietnamese,michaelandersen@example.com,001-942-734-3335x4372
92,Giulia Rossi,30.0,Female,Italian,debragreen@example.org,+1-978-747-1495x9755
93,Putra Wijaya,33.0,Male,Indonesian,tomsanchez@example.com,+1-701-444-2099x655
94,Kim Min-ji,27.0,Female,Korean,andersonlisa@example.com,+1-733-670-3041x402
95,John Smith,35.0,Male,USA,phammond@example.com,230.695.0781x698
96,Emily Johnson,28.0,Female,Canada,jonesdean@example.org,504-838-0482
97,David Lee,45.0,Male,South Korea,williamsbrian@example.org,+1-881-241-0067
98,Sarah Brown,37.0,Female,UK,rtaylor@example.net,(942)490-4936
99,Michael Wong,50.0,Male,China,perezcarla@example.org,(741)472-4409x847
100,Jessica Chen,31.0,Female,Taiwan,hobbscynthia@example.com,4616890847
101,Ken Tanaka,42.0,Male,Japan,samantha79@example.net,427.462.9698x0989
102,Maria Garcia,27.0,Female,Spain,barbara44@example.net,(646)979-2459x7262
103,Rodrigo Oliveira,33.0,Male,Brazil,dgriffin@example.org,(362)357-4124
104,Olivia Kim,29.0,Female,South Korea,chad36@example.org,(403)535-6440
105,Robert Mueller,41.0,Male,Germany,fdorsey@example.net,408-655-9846x1958
106,John Smith,35.0,Male,USA,bjefferson@example.com,649.299.9242x84025
107,Sarah Lee,28.0,Female,South Korea,beth11@example.net,899.675.7973x050
108,Michael Wong,42.0,Male,Hong Kong,lindarosales@example.net,969.317.0109
109,Lisa Chen,30.0,Female,Taiwan,ygomez@example.net,974.428.1365x85654
110,David Kim,26.0,Male,Canada,henry65@example.com,+1-610-503-4845x42276
111,Emily Wong,38.0,Female,United Kingdom,gonzalezrichard@example.com,710-770-9998x38190
112,Mark Tan,45.0,Male,Singapore,jessica96@example.com,959.677.5268
113,Emma Lee,31.0,Female,Italy,katherine42@example.com,297-425-4877
114,George Chen,27.0,Male,Greece,howardvillanueva@example.com,(383)773-7935x4705
115,Sophia Kim,29.0,Female,United Arab Emirates,gregory74@example.com,(628)536-4766
116,Alex Ng,33.0,Male,Cambodia,chelsea30@example.org,(940)436-3296
117,Alice Smith,32.0,Female,American,oliverchristopher@example.net,403-243-4915
118,Bob Johnson,47.0,Male,Canadian,marymay@example.com,9874291586
119,Cindy Chen,26.0,Female,Chinese,david50@example.net,+1-642-663-0067x203
120,David Lee,38.0,Male,Korean,rebecca28@example.com,+1-243-232-8432x27818
121,Emily Kim,29.0,Female,Korean,catherine60@example.com,+1-260-286-4562x36781
122,Frank Li,41.0,Male,American,hornebenjamin@example.com,2004396323
123,Gina Lee,35.0,Female,Korean,steven49@example.org,821-302-0217
124,Henry Kim,24.0,Male,Korean,kmoore@example.com,863.242.6960x88381
125,Isabella Chen,30.0,Female,Chinese,dalegrant@example.org,001-588-887-5047
126,Jack Smith,28.0,Male,American,carol50@example.net,311-311-7869
127,Katie Johnson,33.0,Female,Canadian,joy72@example.org,001-684-966-0822
128,John Doe,35.0,Male,American,aallen@example.org,331-913-0413x4084
129,Jane Smith,28.0,Female,British,qsanchez@example.com,6849299671
130,Michael Johnson,45.0,Male,South African,jillholloway@example.com,850-417-9227x55075
131,Sarah Lee,31.0,Female,Australian,richardbrenda@example.net,997-574-7858x8796
132,David Kim,42.0,Male,Korean,ambersutton@example.org,237-294-3127x5861
133,Emily Davis,27.0,Female,American,jwarner@example.com,565.879.8250
134,Jose Perez,37.0,Male,Brazilian,paulacline@example.org,653.532.8798
135,Emma Wilson,29.0,Female,Canadian,plee@example.net,(321)609-2459x12819
136,Ryan Chen,34.0,Male,Chinese,kwoods@example.net,+1-671-517-5972x32691
137,Sofia Rodriguez,25.0,Female,Spanish,fblankenship@example.org,(305)932-9361x59056
138,William Brown,39.0,Male,New Zealander,vcoleman@example.com,490-238-7174x62891
